{
  "timestamp": 1755215523.382203,
  "cpu_usage": 26.83680752935408,
  "memory_usage": 48.52427784396657,
  "disk_usage": 50.0,
  "network_io": {
    "bytes_sent": 1024000.0,
    "bytes_recv": 2048000.0,
    "packets_sent": 1000.0,
    "packets_recv": 1500.0
  },
  "quantum_coherence": 0.0,
  "federation_sync": 0.0,
  "active_tasks": 0,
  "completed_tasks": 0,
  "failed_tasks": 0
}